Person 1,Person 2,Anniversary
Stephen Bishop,Allison Blackwell,1995-12-25
Karen Roberts,Zachary Wang,2017-03-13
Joanne Williams,Anna Holmes,2004-04-01
William Wood,Maria Romero,1981-10-25
Brandon Edwards,Troy Wolf,2012-08-20
Kevin Gallegos,Ashley Maxwell,1989-08-28
Michael Schmidt II,Deborah Romero,1994-04-27
Charles Herring,Carol Pena,1995-08-16
Krystal George,Christopher Arias MD,1981-04-10
Troy Miller,Alyssa Mueller,1992-05-03
Valerie Alvarado,Victor Evans,2000-06-05
Nicholas Robinson,Jonathan Mckay,1993-07-03
William Wood,Janet Nguyen,2004-01-14
Brandon Bird,John Mckinney,2011-11-17
Mark Winters,Bonnie Lee,2008-09-12
Tracy Edwards,Tina Davidson,1976-07-27
Brian Mcdonald,Andrew Blevins,2015-12-25
Luis Powell,Brittany Bauer,1975-11-11
Carol Ortiz,Katherine Camacho,1984-01-29
Samuel Gordon,Elaine Dickerson,2002-04-20
Karen Frey,Jeffrey Ward,1975-10-22
Ryan Clark,Robert Hernandez,2012-02-25
Mark Wade,Carrie Miller,2005-01-26
Faith Williams,Connor Ramirez,1980-10-19
Erin Beasley,Krystal George,1996-06-29
Brandon Bird,Kim Smith,1997-10-06
Elaine Dickerson,Karen Frey,1984-04-18
Andrea Miller,Dr. Keith Green,2007-10-06
Kelly Rodgers,Jim Richmond,1985-05-12
Andrew Blevins,Pamela Mahoney,1989-07-01
Joanne Williams,Rodney Liu,1977-09-06
Bonnie Lee,Brandon Thompson,1982-03-24
